{"cameraMode":{"drawMode":0,"name":"Shaded","section":"Shading Mode"},"sceneLighting":false,"audioPlay":false,"sceneViewState":{"m_AlwaysRefresh":false,"showFog":true,"showSkybox":false,"showFlares":true,"showImageEffects":true,"showParticleSystems":true,"showVisualEffectGraphs":true,"m_FxEnabled":true},"in2DMode":false,"pivot":{"x":0.31056511402130129,"y":-0.3582974374294281,"z":0.8807942271232605},"rotation":{"x":-0.17991316318511964,"y":0.2330351024866104,"z":-0.04416556656360626,"w":-0.9547681212425232},"size":0.8665205836296082,"orthographic":false}