{"cameraMode":{"drawMode":0,"name":"Shaded","section":"Shading Mode"},"sceneLighting":false,"audioPlay":false,"sceneViewState":{"m_AlwaysRefresh":false,"showFog":true,"showSkybox":false,"showFlares":true,"showImageEffects":true,"showParticleSystems":true,"showVisualEffectGraphs":true,"m_FxEnabled":true},"in2DMode":false,"pivot":{"x":7.159999847412109,"y":4.700000762939453,"z":-19.260000228881837},"rotation":{"x":-0.013487478718161583,"y":0.07557891309261322,"z":-0.0011972167994827033,"w":-0.9971544146537781},"size":4.54448127746582,"orthographic":false}