{"cameraMode":{"drawMode":0,"name":"Shaded","section":"Shading Mode"},"sceneLighting":false,"audioPlay":false,"sceneViewState":{"m_AlwaysRefresh":false,"showFog":true,"showSkybox":false,"showFlares":true,"showImageEffects":true,"showParticleSystems":true,"showVisualEffectGraphs":true,"m_FxEnabled":true},"in2DMode":false,"pivot":{"x":4.480000019073486,"y":2.2799999713897707,"z":11.668539047241211},"rotation":{"x":-0.11239498853683472,"y":0.8403459787368774,"z":-0.19005678594112397,"w":-0.49625030159950259},"size":1.2658988237380982,"orthographic":false}