{"cameraMode":{"drawMode":0,"name":"Shaded","section":"Shading Mode"},"sceneLighting":false,"audioPlay":false,"sceneViewState":{"m_AlwaysRefresh":false,"showFog":true,"showSkybox":false,"showFlares":true,"showImageEffects":true,"showParticleSystems":true,"showVisualEffectGraphs":true,"m_FxEnabled":true},"in2DMode":false,"pivot":{"x":4.368807792663574,"y":5.463311195373535,"z":0.8029994964599609},"rotation":{"x":-0.0009126872173510492,"y":-0.9985040426254273,"z":0.05186692252755165,"w":-0.017679886892437936},"size":2.9059743881225588,"orthographic":false}