{"cameraMode":{"drawMode":0,"name":"Shaded","section":"Shading Mode"},"sceneLighting":true,"audioPlay":false,"sceneViewState":{"m_AlwaysRefresh":false,"showFog":true,"showSkybox":true,"showFlares":true,"showImageEffects":true,"showParticleSystems":true,"showVisualEffectGraphs":true,"m_FxEnabled":true},"in2DMode":false,"pivot":{"x":-2.244893789291382,"y":5.147284507751465,"z":-3.5855071544647219},"rotation":{"x":-0.02985921874642372,"y":-0.09553489834070206,"z":0.0028703652787953617,"w":-0.9949833750724793},"size":3.692690134048462,"orthographic":false}