{"cameraMode":{"drawMode":0,"name":"Shaded","section":"Shading Mode"},"sceneLighting":true,"audioPlay":false,"sceneViewState":{"m_AlwaysRefresh":false,"showFog":true,"showSkybox":true,"showFlares":true,"showImageEffects":true,"showParticleSystems":true,"showVisualEffectGraphs":true,"m_FxEnabled":true},"in2DMode":false,"pivot":{"x":-49.33867645263672,"y":36.970436096191409,"z":36.899688720703128},"rotation":{"x":-0.2098977118730545,"y":-0.017326699569821359,"z":0.0037258572410792114,"w":-0.977577269077301},"size":6.544169902801514,"orthographic":false}