{"cameraMode":{"drawMode":0,"name":"Shaded","section":"Shading Mode"},"sceneLighting":false,"audioPlay":false,"sceneViewState":{"m_AlwaysRefresh":false,"showFog":true,"showSkybox":false,"showFlares":true,"showImageEffects":true,"showParticleSystems":true,"showVisualEffectGraphs":true,"m_FxEnabled":true},"in2DMode":false,"pivot":{"x":10.440114974975586,"y":5.877364635467529,"z":1.2987223863601685},"rotation":{"x":-0.08248770982027054,"y":0.7194815874099731,"z":-0.08675585687160492,"w":-0.6841174364089966},"size":4.1872334480285648,"orthographic":true}