{"cameraMode":{"drawMode":0,"name":"Shaded","section":"Shading Mode"},"sceneLighting":false,"audioPlay":false,"sceneViewState":{"m_AlwaysRefresh":false,"showFog":true,"showSkybox":false,"showFlares":true,"showImageEffects":true,"showParticleSystems":true,"showVisualEffectGraphs":true,"m_FxEnabled":true},"in2DMode":false,"pivot":{"x":-0.430827260017395,"y":2.8565022945404054,"z":-0.29907357692718508},"rotation":{"x":-0.06548667699098587,"y":0.7059425711631775,"z":-0.06584388017654419,"w":-0.7021549940109253},"size":4.1872334480285648,"orthographic":true}