{"cameraMode":{"drawMode":0,"name":"Shaded","section":"Shading Mode"},"sceneLighting":true,"audioPlay":false,"sceneViewState":{"m_AlwaysRefresh":false,"showFog":true,"showSkybox":true,"showFlares":true,"showImageEffects":true,"showParticleSystems":true,"showVisualEffectGraphs":true,"m_FxEnabled":true},"in2DMode":false,"pivot":{"x":24.05739974975586,"y":-11.551706314086914,"z":-12.782514572143555},"rotation":{"x":0.10451918840408325,"y":-0.8921494483947754,"z":0.27248966693878176,"w":0.3462621569633484},"size":56.060916900634769,"orthographic":false}