{"cameraMode":{"drawMode":0,"name":"Shaded","section":"Shading Mode"},"sceneLighting":true,"audioPlay":false,"sceneViewState":{"m_AlwaysRefresh":false,"showFog":true,"showSkybox":true,"showFlares":true,"showImageEffects":true,"showParticleSystems":true,"showVisualEffectGraphs":true,"m_FxEnabled":true},"in2DMode":false,"pivot":{"x":-0.7100000381469727,"y":1.9872617721557618,"z":36.62999725341797},"rotation":{"x":-0.10853086411952973,"y":-0.1653154343366623,"z":0.019048480316996576,"w":-0.9802326560020447},"size":42.059165954589847,"orthographic":false}