{"cameraMode":{"drawMode":0,"name":"Shaded","section":"Shading Mode"},"sceneLighting":true,"audioPlay":false,"sceneViewState":{"m_AlwaysRefresh":false,"showFog":true,"showSkybox":true,"showFlares":true,"showImageEffects":true,"showParticleSystems":true,"showVisualEffectGraphs":true,"m_FxEnabled":true},"in2DMode":false,"pivot":{"x":32.688846588134769,"y":-167.58750915527345,"z":-221.53753662109376},"rotation":{"x":0.0019935325253754856,"y":0.918275773525238,"z":-0.39627406001091006,"w":0.006253262981772423},"size":141.00741577148438,"orthographic":false}