{"cameraMode":{"drawMode":0,"name":"Shaded","section":"Shading Mode"},"sceneLighting":true,"audioPlay":false,"sceneViewState":{"m_AlwaysRefresh":false,"showFog":true,"showSkybox":true,"showFlares":true,"showImageEffects":true,"showParticleSystems":true,"showVisualEffectGraphs":true,"m_FxEnabled":true},"in2DMode":false,"pivot":{"x":-14.030303955078125,"y":-5.802704811096191,"z":-10.172630310058594},"rotation":{"x":0.028191030025482179,"y":-0.8787869215011597,"z":0.052246224135160449,"w":0.4737497568130493},"size":60.587059020996097,"orthographic":false}