{"cameraMode":{"drawMode":0,"name":"Shaded","section":"Shading Mode"},"sceneLighting":true,"audioPlay":false,"sceneViewState":{"m_AlwaysRefresh":false,"showFog":true,"showSkybox":true,"showFlares":true,"showImageEffects":true,"showParticleSystems":true,"showVisualEffectGraphs":true,"m_FxEnabled":true},"in2DMode":false,"pivot":{"x":-26.591997146606447,"y":1.7038016319274903,"z":104.78134155273438},"rotation":{"x":0.007899641059339047,"y":-0.166086807847023,"z":0.0013089383719488979,"w":0.9866847395896912},"size":56.2292594909668,"orthographic":false}