{"cameraMode":{"drawMode":0,"name":"Shaded","section":"Shading Mode"},"sceneLighting":true,"audioPlay":false,"sceneViewState":{"m_AlwaysRefresh":false,"showFog":true,"showSkybox":true,"showFlares":true,"showImageEffects":true,"showParticleSystems":true,"showVisualEffectGraphs":true,"m_FxEnabled":true},"in2DMode":false,"pivot":{"x":0.5950314998626709,"y":3.3926429748535158,"z":6.532522201538086},"rotation":{"x":0.000952511967625469,"y":-0.9999982714653015,"z":0.03352847695350647,"w":-0.01018435787409544},"size":17.71080207824707,"orthographic":false}