{"cameraMode":{"drawMode":0,"name":"Shaded","section":"Shading Mode"},"sceneLighting":true,"audioPlay":false,"sceneViewState":{"m_AlwaysRefresh":false,"showFog":true,"showSkybox":true,"showFlares":true,"showImageEffects":true,"showParticleSystems":true,"showVisualEffectGraphs":true,"m_FxEnabled":true},"in2DMode":false,"pivot":{"x":1.899999976158142,"y":2.0298070907592775,"z":-0.30000001192092898},"rotation":{"x":0.2181437462568283,"y":-0.3812253475189209,"z":0.09298841655254364,"w":0.8936522006988525},"size":60.587059020996097,"orthographic":false}