{"cameraMode":{"drawMode":0,"name":"Shaded","section":"Shading Mode"},"sceneLighting":true,"audioPlay":false,"sceneViewState":{"m_AlwaysRefresh":false,"showFog":true,"showSkybox":true,"showFlares":true,"showImageEffects":true,"showParticleSystems":true,"showVisualEffectGraphs":true,"m_FxEnabled":true},"in2DMode":false,"pivot":{"x":-2.7784266471862795,"y":-0.4118116497993469,"z":7.761911392211914},"rotation":{"x":0.005893103778362274,"y":-0.9915770888328552,"z":0.1205689013004303,"w":0.048346858471632007},"size":12.891413688659668,"orthographic":false}