{"cameraMode":{"drawMode":0,"name":"Shaded","section":"Shading Mode"},"sceneLighting":true,"audioPlay":false,"sceneViewState":{"m_AlwaysRefresh":false,"showFog":true,"showSkybox":true,"showFlares":true,"showImageEffects":true,"showParticleSystems":true,"showVisualEffectGraphs":true,"m_FxEnabled":true},"in2DMode":false,"pivot":{"x":-0.7100000381469727,"y":1.9872617721557618,"z":36.62999725341797},"rotation":{"x":-0.14996260404586793,"y":-0.20075100660324098,"z":0.03187816962599754,"w":-0.9677393436431885},"size":7.993255138397217,"orthographic":false}