{"cameraMode":{"drawMode":0,"name":"Shaded","section":"Shading Mode"},"sceneLighting":true,"audioPlay":false,"sceneViewState":{"m_AlwaysRefresh":false,"showFog":true,"showSkybox":false,"showFlares":true,"showImageEffects":true,"showParticleSystems":true,"showVisualEffectGraphs":true,"m_FxEnabled":true},"in2DMode":false,"pivot":{"x":-0.5739998817443848,"y":6.649999618530273,"z":9.625443458557129},"rotation":{"x":-0.0028565959073603155,"y":-0.9979073405265808,"z":0.03339886665344238,"w":-0.06352437287569046},"size":1.0003019571304322,"orthographic":false}