{"cameraMode":{"drawMode":0,"name":"Shaded","section":"Shading Mode"},"sceneLighting":false,"audioPlay":false,"sceneViewState":{"m_AlwaysRefresh":false,"showFog":true,"showSkybox":false,"showFlares":true,"showImageEffects":true,"showParticleSystems":true,"showVisualEffectGraphs":true,"m_FxEnabled":true},"in2DMode":false,"pivot":{"x":-2.981757879257202,"y":4.637317657470703,"z":-1.4514350891113282},"rotation":{"x":0.20473863184452058,"y":0.5845654606819153,"z":-0.15521931648254395,"w":0.7697331309318543},"size":0.17928029596805573,"orthographic":false}