{"cameraMode":{"drawMode":0,"name":"Shaded","section":"Shading Mode"},"sceneLighting":false,"audioPlay":false,"sceneViewState":{"m_AlwaysRefresh":false,"showFog":true,"showSkybox":false,"showFlares":true,"showImageEffects":true,"showParticleSystems":true,"showVisualEffectGraphs":true,"m_FxEnabled":true},"in2DMode":false,"pivot":{"x":0.7630821466445923,"y":2.014678716659546,"z":0.05962708592414856},"rotation":{"x":-0.01253779511898756,"y":-0.7117597460746765,"z":-0.012480683624744416,"w":0.7023638486862183},"size":1.1713593006134034,"orthographic":true}