{"cameraMode":{"drawMode":0,"name":"Shaded","section":"Shading Mode"},"sceneLighting":false,"audioPlay":false,"sceneViewState":{"m_AlwaysRefresh":false,"showFog":true,"showSkybox":false,"showFlares":true,"showImageEffects":true,"showParticleSystems":true,"showVisualEffectGraphs":true,"m_FxEnabled":true},"in2DMode":false,"pivot":{"x":-0.007784292101860046,"y":0.11499984562397003,"z":-0.007716193795204163},"rotation":{"x":-0.10378904640674591,"y":0.6805199980735779,"z":-0.09824217110872269,"w":-0.7187162041664124},"size":0.25394245982170107,"orthographic":false}