{"cameraMode":{"drawMode":0,"name":"Shaded","section":"Shading Mode"},"sceneLighting":false,"audioPlay":false,"sceneViewState":{"m_AlwaysRefresh":false,"showFog":true,"showSkybox":false,"showFlares":true,"showImageEffects":true,"showParticleSystems":true,"showVisualEffectGraphs":true,"m_FxEnabled":true},"in2DMode":false,"pivot":{"x":-2.499483346939087,"y":1.8623312711715699,"z":1.5029160976409913},"rotation":{"x":-0.01084698736667633,"y":0.16494318842887879,"z":-0.0018820009427145124,"w":-0.9868311882019043},"size":2.50557279586792,"orthographic":false}